Manufacturer,Model,Weight_pred
Audi,100,3354.7638270312455
Pontiac,Sunbird,2652.513286259229
Chevrolet,Lumina,3057.041728543746
Mazda,RX-7,3269.371880012728
Volkswagen,Fox,2242.378302058448
