Manufacturer,Model,Weight_Estimated
Audi,100,3209.5173596474096
Pontiac,Sunbird,2554.072616987847
Chevrolet,Lumina,3052.122496624951
Mazda,RX-7,2896.9590979261448
Volkswagen,Fox,2219.072616987846
